signatur;titel;laufzeit;geo_koordinate_x;geo_koordinate_y
11460;Brücke Nr. 114 b, Engelbostel-Hannover-Stöcken;1911;52.334859;8.618746
11451;Brücke Nr. 114 a Bremer Chaussee, Garbsen;1913;;
11773;Verlegung der Eiseneinlagen und Sohle vom Düker in Station 5 und 11 des Leineabstiegskanals, Hannover-Limmer;1913;52.383397;9.683824
11503;Brücke an der Podbielskistrasse, Hannover-Bothfeld;1912;52.405677;9.798489
11997;Uferabbrüche der Leine bei km 27,35;1949;52.382892;7.921648
11479;Brücke am Klein-Buchholzer Koppelweg, Hannover-Klein Buchholz;1910;;
11881;Versackung in der Lehmdichtung der Sohle zwischen Kanalhauptbrücke und Flutbrücke bei Seelze;1928;52.408363;9.593116
11725;Baustelle der Brücke bei Letter;1912;52.391551;9.650797
11531;Tondichtung und Einschlammen bei Seelze;1913;52.401715;9.577033
11606;Sperrtor, Havelse;1916;52.413843;9.609691
11709;Baustelle der Brücke, Seelze-Almhorst;1912;52.390549;9.584674
11806;Tonverrutschungen in der Dichtungsschicht des Kanalbettes im Zweigkanal bei Seelze;1914;52.396094;9.56036
11923;Herrenhäuser Wehr, Hannover-Herrenhausen;1932;52.380762;9.691256
11589;Tongruben der Ziegelei Plass und Stille, Garbsen;1916;52.397565;9.648243
11715;Montagegerüst und Aufbau des eisernen Ãœberbaus der Brücke Seelze - Döteberg;1912;52.389174;9.597609
11575;Station 50 und 52 bei Garbsen;1915;52.413855;9.609699
11578;Station 53 und 50 Grundstücke der Ziegelei Plass, Garbsen;1915;;
11924;Herrenhäuser Wehr, Hannover-Herrenhausen;1932;52.381022;9.691551
11597;Hochwasser oberhalb der Hauptbrücke;1916;;
11449;Grundstück Biermann südlich der Brücke Nr. 112, Garbsen;1915;52.337812;8.593236
11689;Kanalbaustelle, Hannover-Vahrenwald;1915;52.405176;9.750822
11820;Dükerbau beim Leineabstiegkanal, Hannover-Limmer;1914;52.384501;9.680742
11781;Herstellung der Verblendung für die Kammermauern der Leineabstiegsschleuse, Hannover-Limmer;1913;52.384881;9.679823
11816;Herrenhäuser Wehr, Hannover-Herrenhausen;1914;52.381022;9.691551
11994;Geräteschiff der Firma Parday;1949;;
11817;Herrenhäuser Wehr, Hannover-Herrenhausen;1914;52.381022;9.691551
11579;Wasserstau bei der Hauptbrücke unweit Lohnde;1916;52.404043;9.583908
11623;Baugrube des Dükers für den Desbrockswiedegraben, Hannover-Stöcken;1914;52.423139;9.653925
11672;Dükerbau am Lister Koppelweg, Hannover-List;1915;;
11739;Montage des eisernen Ãœberbaus der Lohnder Feldwegbrücke bei Lohnde;1912;52.404091;9.584055
11996;Uferabbrüche der Leine bei km 27,4;1949;52.382892;7.921648
11989;Weidenpflanzungen am linken Ufer des Kanals km 161,5;1940;52.417216;9.711942
11797;Sperrtor mit Seilscheibenhäuschen im Hauptkanal bei Lohnde;1913;52.399038;9.562415
11884;Abgefrorener Beton auf der Brückensohle, Leinetal;1928;52.403176;9.580977
11511;Kanalstrecke, Hannover-Gross-Buchholz;1916;52.404035;9.812909
11958;Rechter Hochwasserdamm beim Zusammenfluss von Beeke und Ihme, Hannover-Ricklingen;1937;52.353217;9.729485
11728;Baustelle der Brücke, Hannover-Limmer;1912;;
11694;Kanalbaustelle, Hannover-Vahrenwald;1915;52.405176;9.750822
11507;Brücke an der Podbielskistrasse, Hannover-Bothfeld;1912;52.405666;9.798771
11419;Baustelle und verschiedene Bauabschnitte der Kanalflutbrücke über die Leine bei Seelze;1913;52.405619;9.587366
11856;Bei Baggerarbeiten gefundene Ammoniten-Versteinerung, Hannover-Linden;1914;;
11955;Cumberländisches Wehr, Hannover-Herrenhausen;1936;;
11512;Brücke an der Schierholzstrasse, Hannover-Gross Buchholz;1913;52.400195;9.820997
11620;Baugrube des Dükers für den Desbrockswiedegraben, Hannover-Stöcken;1914;52.423139;9.653925
11941;Verstärkung und Einbau der Seitenstreben an der Kanalhauptbrücke über die Leine bei Seelze;1935;52.405619;9.587366
11931;Böschungskegel an der Kanalhauptbrücke über die Leine bei Seelze;1932;52.405619;9.587366
11729;Baustelle der Brücke in der Leinemasch bei Hannover-Ahlem;1912;52.328138;9.766128
11714;Baggerbetrieb an der Abzweigstelle des Kanals bei Lohnde;1912;52.397728;9.555952
11918;Schaummassen im Leinearm (Leinehafen), Hannover;1932;52.377831;9.711414
11818;Herrenhäuser Wehr, Hannover-Herrenhausen;1914;52.381022;9.691551
11734;Baustelle der Brücke in der Leinemasch bei Hannover-Ahlem;1912;52.396145;9.667172
11765;Baugrube und Gleisanlage der Leineabstiegsschleuse, Hannover-Limmer;1913;52.384881;9.679823
11927;Herrenhäuser Wehr, Hannover-Herrenhausen;1932;52.381022;9.691551
11889;Trogwand der Kanalhauptbrücke über die Leine bei Seelze;1928;52.405619;9.587366
11810;Verschalung des Druckwasserkanals im Oberhaupt der Aufstiegsschleuse, Hanover-Limmer;1914;52.378302;9.681403
11704;Kanalbaustelle, Hannover-Vahrenwald;1915;52.405176;9.750822
11716;Montagegerüst und Aufbau des eisernen Ãœberbaus der Brücke Seelze - Almhorst;1912;52.389174;9.597609
11423;Baustelle und verschiedene Bauabschnitte der Kanalflutbrücke über die Leine bei Seelze;1913;52.405619;9.587366
11925;Herrenhäuser Wehr, Hannover-Herrenhausen;1932;52.381022;9.691551
11836;Kaiserbrücke, Hannover-Vahrenwald;1914;52.407749;9.739574
14501;Hannover-Limmer, Ãœberholungsarbeiten an der Hafenschleuse;1938;52.378603;9.681056
11638;Dükerbau des Schiffgrabens, Hannover-Klein Buchholz;1915;52.405566;9.799121
11949;Auslass zur Leine;1936;;
11866;Abgerissene Nadellehnenschwelle der Kanalhauptbrücke über die Leine bei Seelze;1928;52.408363;9.593116
11482;Brücke am Klein-Buchholzer Koppelweg, Hannover-Klein Buchholz;1911;;
11587;Station 45 und 50 südlich der Flutbrücke bei Seelze;1915;52.399644;9.5683
11754;Herstellung der Buschmatratze im unteren Schleusenvorboden der Leineabstiegsschleuse, Hannover-Limmer;1913;52.384881;9.679823
11506;Brücke an der Podbielskistrasse, Hannover-Bothfeld;1914;52.405677;9.798489
11954;Oberhaupt der Leineschleuse, Hannover-Limmer;1936;52.361232;9.864097
11440;Baustelle und verschiedene Bauabschnitte der Kanalflutbrücke über die Leine bei Seelze;1914;52.405619;9.587366
11967;Uferbefestigung der Ihme, Hannover;1937;;
11468;Brücke Nr. 117 c (Kaiserbrücke), Hannover-Vahrenwald;1913;52.407749;9.739574
11882;Beschädigungen der Uferdeckung gegenüber der Sandverladestelle, Garbsen;1928;;
11472;Brücke Nr. 117 d am Lister Mühlenweg, Hannover-List;1911;;
11922;Herrenhäuser Wehr, Hannover-Herrenhausen;1932;52.381022;9.691551
14502;Hannover-Limmer, Herstellung der linken Hälfte an der Aufstiegsschleuse;1914;52.378302;9.681403
11406;Baustelle der Kanalhauptbrücke über die Leine bei Seelze;1914;52.408363;9.593116
11633;Dükerbau bei der Kanalstrecke, Hannover-Vahrenwald;1915;52.411306;9.728559
11998;Durch Hochwasser ausgekolktes Ufer der Leine bei km 26,9;1949;;
11395;Baustelle der Kanalhauptbrücke über die Leine bei Seelze;1912;52.408363;9.593116
11905;Umbau des Leineauslasses km 150,7 bei Lohnde;1928;52.397734;9.556641
11792;Betonierung der Schleusensohle in der Aufstiegsschleuse, Hannover-Limmer;1913;52.378302;9.681403
11659;Dükerbau des Schiffgrabens, Hannover-Klein Buchholz;1915;52.405566;9.799121
11509;Brücke an der Podbielskistrasse, Hannover-Bothfeld;1916;52.405677;9.798489
11968;Uferbefestigung der Ihme am Krankenhaus Siloah, Hannover-Linden;1937;52.360599;9.726401
11528;Löffelbagger Alte Gehägestrasse, Hannover-Misburg;1913;52.384262;9.83394
11644;Dükerbau des Schiffgrabens, Hannover-Klein Buchholz;1914;52.405566;9.799121
11624;Baugrube des Dükers für den Desbrockswiedegraben, Hannover-Stöcken;1914;52.423139;9.653925
11428;Baustelle und verschiedene Bauabschnitte der Kanalflutbrücke über die Leine bei Seelze;1913;52.405619;9.587366
11841;Erdrutschungen auf der linken Seite des Zweigkanals bei Letter-Seelze;1914;52.398823;9.559685
14503;Hannover-Limmer, Blick in die Kammer an der Schleuse;1914;52.378466;9.681206
11878;Beschädigungen der Uferdeckung gegenüber dem Leineauslass, Leinetal;1928;;
11561;Station 48 und 80 nach Nordosten bei Garbsen.;1915;52.41533;9.615879
11731;Döteberger Brücke bei Seelze-Döteberg;1912;52.389174;9.597609
11917;Schaummassen im Leinearm (Hänischbrücke), Hannover-Calenberger Neustadt;1932;52.377973;9.716105
11615;Düker im Köllingsmoorgraben, Havelse;1913;;
11628;Dükerbau Alte Gehägestrasse, Hannover-Misburg;1914;52.384262;9.83394
11919;Schaummassen im Leinearm (Fischerstrasse), Hannover-Calenberger Neustadt;1932;52.377579;9.719831
11521;Brücke im Zuge des Misburger Dammes, Hannover-Misburg;1913;52.358994;9.866082
11785;Einlauf des städtischen Dükers, Hannover-Limmer;1913;;
11518;Brücke im Zuge des Misburger Dammes, Hannover-Misburg;1913;52.358994;9.866082
11915;Rutschungen des Anschlusskegels am Unterhaupt der Leineschleuse, Hannover-Limmer;1932;52.361232;9.864097
11640;Dükerbau des Schiffgrabens, Hannover-Klein Buchholz;1914;52.405566;9.799121
11977;Strassenbrücke Nr. 250, Leinemasch;1938;;
11777;Eiseneinlagen der Sohle und Kammerwände der Leineaufstiegsschleuse, Hannover-Limmer;1913;52.378302;9.681403
11435;Baustelle und verschiedene Bauabschnitte der Kanalflutbrücke über die Leine bei Seelze;1914;52.405619;9.587366
11618;Baugrube des Dükers für den Desbrockswiedegraben, Hannover-Stöcken;1914;52.423139;9.653925
11985;Ãœberholungsarbeiten der Hafenschleuse, Hannover-Linden;1938;52.378603;9.681056
11560;Misburger Hafen, Hannover-Misburg;1916;52.383249;9.857014
11711;Baustelle der Brücke, Seelze-Döteberg;1912;52.389174;9.597609
11770;Fertige Leineverlegung vor Durchbruch des Leinewassers, Hannover-Herrenhausen;1913;52.387151;9.672954
14505;Hannover-Limmer, Montage der Ständertore im Untergerüst an der Aufstiegsschleuse;1914;52.378302;9.681403
11867;Abgedrückte Nadellehnenschwelle der Kanalhauptbrücke über die Leine bei Seelze;1928;52.404069;9.584062
11552;Station 46 bei Garbsen;1915;52.412584;9.604723
11913;Rutschungen des Anschlusskegels am Unterhaupt der Leineschleuse, Hannover-Limmer;1932;52.361232;9.864097
11577;Hafenmauer, Hannover-Misburg;1916;52.383249;9.857014
11622;Baugrube des Dükers für den Desbrockswiedegraben, Hannover-Stöcken;1914;52.423139;9.653925
11563;Hafenmauer, Hannover-Misburg;1916;52.383249;9.857014
11576;Flutmulden bei Lohnde;1916;52.398802;9.561113
11991;Weidenpflanzungen am linken Ufer des Zweigkanals km 0,2, Hannover-Linden;1940;;
11808;Beim Brückenbau wurde bei Ausschachtungsarbeiten 1 Urne gefunden, Letter;1914;52.391547;9.650789
11721;Widerlager und Feldwegunterführung der Strecke Hannover-Wunstorf bei Lohnde;1912;52.398467;9.549575
11675;Dükerbau am Lister Koppelweg, Hannover-List;1915;52.405202;9.760653
11786;Eiseneinlagen der Sohle des Unterhauptes der Aufstiegsschleuse, Hannover-Limmer;1913;52.378277;9.6814
11943;Sandfang Rodenberger Aue bei Rodenberg;1936;52.303569;8.93128
11886;Trogwand der Kanalhauptbrücke über die Leine bei Seelze;1928;52.403884;9.584277
11462;Brücke Nr. 114 b, Engelbostel-Hannover-Stöcken;1913;52.334859;8.618746
11400;Baustelle der Kanalhauptbrücke über die Leine bei Seelze;1913;52.403884;9.584277
11670;Dükerbau am Eilenriedegraben, Hannover;1915;52.371895;9.852537
11809;Beim Brückenbau wurden bei Ausschachtungsarbeiten 2 Urnen gefunden, Letter;1914;;
11421;Baustelle und verschiedene Bauabschnitte der Kanalflutbrücke über die Leine bei Seelze;1913;52.403884;9.584277
11987;Arbeiterdoppelwohnhaus in der Büttnerstrasse, Hannover-Vahrenwald;1939;52.411217;9.728998
11710;Baustelle der Brücke, Seelze-Almhorst;1912;52.399974;9.568436
11569;Station 50 bei Garbsen;1915;52.400317;9.541383
11832;Ziegeleiwegbrücke;1914;;
11840;Erdrutschungen auf der linken Seite des Zweigkanals bei Letter-Seelze;1914;52.388771;9.610682
11498;Brücke am Klein-Buchholzer Koppelweg, Hannover-Klein Buchholz;1911;52.404451;9.809604
11679;Dükerbau am Klein-Buchholzer Koppelweg, Hannover-Klein Buchholz;1915;52.404451;9.809604
11625;Baugrube des Dükers für den Desbrockswiedegraben, Hannover-Stöcken;1914;52.423138;9.673878
11413;Baustelle der Kanalhauptbrücke über die Leine bei Seelze;1914;52.403884;9.584277
11535;Ãœberschwemmung nördlich des Kanals bei Garbsen;1916;52.402478;9.579677
11641;Dükerbau des Schiffgrabens, Hannover-Klein Buchholz;1915;52.406414;9.786255
11696;Kanalbaustelle, Hannover-Vahrenwald;1915;52.407739;9.739621
11732;Baustelle der Brücke, Hannover-Limmer;1912;52.422564;9.650709
11768;Bagger- und Ausschachtungsarbeiten in der Baugrube der Aufstiegsschleuse, Hannover-Limmer;1913;52.384965;9.679575
11890;Trogwand der Kanalhauptbrücke über die Leine bei Seelze;1928;52.403884;9.584277
11995;Geräteschiff der Firma Parday;1949;52.405285;9.518618
11405;Baustelle der Kanalhauptbrücke über die Leine bei Seelze;1914;52.403884;9.584277
11960;Linker Hochwasserdamm beim Anschluss an den Altenbekener Eisenbahndamm, Hannover-Ricklingen;1937;52.423331;9.692475
11953;Auslass zur Leine;1936;52.403884;9.584277
12000;Von Badenden zertretenes Ufer bei km 168,8;;;
11524;Brücke im Zuge des Misburger Dammes, Hannover-Misburg;1916;52.403261;9.815755
11450;Grundstück Biermann südlich der Brücke Nr. 112, Garbsen;1915;52.405529;9.517608
11668;Dükerbau am Eilenriedegraben, Hannover;1915;52.406422;9.778923
11845;Erdrutschungen des Zweigkanals bei Harenberg;1914;52.38929;9.616685
11921;Schaummassen im Leinearm (Gymnasium), Hannover;1932;52.399808;9.648475
11708;Kanalbaustelle, Hannover-Vahrenwald;1915;52.415681;9.716365
11505;Brücke an der Podbielskistrasse, Hannover-Bothfeld;1914;52.405658;9.798702
11463;Eisenbetonbrücke, Hannover-Stöcken-Engelbostel;1914;52.422523;9.6507
11876;Havelser Sperrtor, Havelse;1928;52.413855;9.609692
11899;Umbau des Leineauslasses km 150,7 bei Lohnde;1928;52.404398;9.583533
11436;Baustelle und verschiedene Bauabschnitte der Kanalflutbrücke über die Leine bei Seelze;1914;52.404398;9.583533
11652;Dükerbau des Schiffgrabens, Hannover-Klein Buchholz;1915;52.403972;9.813214
11490;Brücke am Klein-Buchholzer Koppelweg, Hannover-Klein Buchholz;1910;52.406427;9.781266
11746;Widerlager zum Sperrtor bei Lohnde;1913;52.399077;9.562401
14506;Hannover-Limmer, Eiseneinlagen in der Brücke des Untergerüstes an der Aufstiegsschleuse ;1914;52.378399;9.681329
11760;Verschalung der windschiefen Ãœbergangsstelle zwischen der Ufermauer der Gummiwerke Excelsior und dem Kanalprofil, Hannover-Limmer;1913;52.388824;9.66948
11901;Umbau des Leineauslasses km 150,7 bei Lohnde;1928;52.403973;9.583948
11453;Brücke Nr. 114 b, Engelbostel-Hannover-Stöcken;1910;52.422591;9.650617
11839;Erdrutschungen auf der linken Seite des Zweigkanals bei Letter-Seelze;1914;52.392977;9.573836
11572;Station 50 und 52 bei Garbsen;1915;52.403058;9.529216
11966;Anschluss des linken Hochwasserdammes an der Brücke Waterlooplatz-Deipenaustrasse über die Ihme, Hannover-Linden;1937;52.363268;9.723643
11733;Baustelle der Brücke, Hannover-Limmer;1912;52.378064;9.697091
11416;Baustelle der Kanalhauptbrücke über die Leine bei Seelze;1915;52.403885;9.584229
11965;Rechter und linker Hochwasserdamm bei der Brücke Waterlooplatz-Diepenaustrasse über die Ihme, Hannover-Linden;1937;52.363268;9.723643
11741;Widerlager zum Sperrtor bei Lohnde;1913;52.399021;9.562445
11664;Dükerbau am Eilenriedegraben, Hannover;1915;52.406111;9.77454
11431;Baustelle und verschiedene Bauabschnitte der Kanalflutbrücke über die Leine bei Seelze;1914;52.403987;9.584031
11456;Brücke Nr. 114 b, Engelbostel-Hannover-Stöcken;1910;52.422591;9.650617
11443;Baustelle und verschiedene Bauabschnitte der Kanalflutbrücke über die Leine bei Seelze;1915;52.403987;9.584031
11852;Leineabstiegsschleuse, Hannover-Limmer;1914;52.384899;9.679782
11510;Brücke an der Podbielskistrasse, Hannover-Bothfeld;1916;52.405675;9.798906
11567;Kanalhauptbrücke über die Leine bei Seelze;1916;52.403987;9.584031
11446;Hochwasser der Landstrasse, Garbsen-Seelze;1915;52.399878;9.543581
11938;Spundwandsicherung beim Südaue-Durchlass;1935;;
11491;Brücke am Klein-Buchholzer Koppelweg, Hannover-Klein Buchholz;1910;52.405413;9.800722
11763;Betonierung der Sohle des Oberhauptes der Leineabstiegsschleuse, Hannover-Limmer;1913;52.384887;9.679678
11565;Hafenmauer, Hannover-Misburg;1916;52.38338;9.855334
11691;Kanalbaustelle, Hannover-Vahrenwald;1915;52.410891;9.729882
11743;Durchlass des Seelzer Grabens bei Lohnde;1913;52.401791;9.573838
11536;Brinker Hafen, Hannover-Vinnhorst;1916;52.417067;9.715633
11807;Beim Brückenbau wurde bei Ausschachtungsarbeiten eine Urne gefunden, Letter;1914;;
11484;Brücke Spannhagenstrasse, Hannover-Klein Buchholz;1910;52.405674;9.798827
11914;Rutschungen des Anschlusskegels am Unterhaupt der Leineschleuse, Hannover-Limmer;1932;52.384768;9.680435
11657;Dükerbau des Schiffgrabens, Hannover-Klein Buchholz;1915;52.40451;9.809543
11404;Baustelle der Kanalhauptbrücke über die Leine bei Seelze;1913;52.403987;9.584031
11501;Brücke am Klein-Buchholzer Koppelweg, Hannover-Klein Buchholz;1912;52.4054;9.800702
11745;Widerlager zum Sperrtor bei Lohnde;1913;52.399018;9.562437
11642;Dükerbau des Schiffgrabens, Hannover-Klein Buchholz;1915;52.406099;9.793975
11504;Brücke an der Podbielskistrasse, Hannover-Bothfeld;1912;52.405729;9.798923
11534;Ablagerung von Baggerboden im Altwarmbüchener Moor, Hannover-Misburg;1913;52.425618;9.894642
11581;Station 53 und 50 Grundstücke der Ziegelei Plass, Garbsen;1915;52.411169;9.590214
11496;Brücke am Klein-Buchholzer Koppelweg, Hannover-Klein Buchholz;1911;52.403337;9.815862
11667;Dükerbau am Eilenriedegraben, Hannover;1915;52.406083;9.773786
11631;Dükerbau bei der Kanalstrecke, Hannover-Vahrenwald;1915;52.411306;9.728559
11494;Brücke am Klein-Buchholzer Koppelweg, Hannover-Klein Buchholz;1910;52.403337;9.815862
11779;Eiseneinlagen der Sohle und Kammerwände der Leineaufstiegsschleuse, Hannover-Limmer;1913;52.378279;9.681568
11819;Brückenbauarbeiten im Unterhaupt der Aufstiegsschleuse, Hannover-Limmer;1914;52.378279;9.681568
11757;Abzweigstelle der Leineverlegung mit Transportbrücke und Fangdamm, Hannover-Limmer;1913;52.3794;9.692694
11437;Baustelle und verschiedene Bauabschnitte der Kanalflutbrücke über die Leine bei Seelze;1914;52.404225;9.583517
11441;Baustelle und verschiedene Bauabschnitte der Kanalflutbrücke über die Leine bei Seelze;1914;52.404225;9.583517
11673;Dükerbau am Lister Koppelweg, Hannover-List;1915;52.40494;9.754425
11485;Brücke Spannhagenstrasse, Hannover-Klein Buchholz;1910;52.406455;9.781282
11671;Dükerbau am Lister Koppelweg, Hannover-List;1915;52.40494;9.754425
11448;Grundstück Biermann südlich der Brücke Nr. 112, Garbsen;1915;52.409719;9.596495
11814;Leineauslass im Hauptkanal bei Lohnde;1914;52.401414;9.57408
11407;Baustelle der Kanalhauptbrücke über die Leine bei Seelze;1914;52.404225;9.583517
11873;Verschlammung der Nadelbocknische und der angrenzenden Felder bei der Flutbrücke im Leinetal;1928;52.403603;9.574631
11896;Umbau des Leineauslasses km 150,7 bei Lohnde;1928;52.401414;9.57408
11655;Dükerbau des Schiffgrabens, Hannover-Klein Buchholz;1914;52.406196;9.793541
11791;Herstellung des Sturzbettes und der Pfeiler der Herrenhäuser Wehranlage, Hannover-Herrenhausen;1913;52.422831;9.656755
11722;Widerlager und Feldwegunterführung der Strecke Hannover-Wunstorf bei Lohnde;1912;52.39996;9.568505
11983;Unterhaupt des Riegener Dükers D 206;1938;;
11861;Brücke Nr. 111;1915;52.334458;8.635308
11508;Brücke an der Podbielskistrasse, Hannover-Bothfeld;1916;52.405705;9.799
11920;Schaummassen im Leinearm (Kläranlage Königsworther Strasse), Hannover-Calenberger Neustadt;1932;52.378115;9.717335
11720;Ã–stliches Widerlager bei Lohnde mit der Ãœberführung der Verbindungsbahn Seelze - Hannover-Vinnhorst;1912;52.404159;9.583792
11658;Dükerbau des Schiffgrabens, Hannover-Klein Buchholz;1915;52.406248;9.79288
11848;Erdrutschungen des Zweigkanals bei Harenberg;1914;52.389844;9.621605
11635;Dükerbau bei der Kanalstrecke, Hannover-Vahrenwald;1915;52.411306;9.728559
11600;Moorhoffsche Wiese, Havelse;1915;52.407801;9.595045
11740;Fertiger eiserner Ãœberbau der Eisenbahnbrücke bei Lohnde;1912;52.398685;9.559541
11940;Spundwandsicherung beim Südaue-Durchlass;1935;52.393159;9.422574
11907;Umbau des Leineauslasses km 150,7 bei Lohnde;1928;52.401359;9.574178
11398;Baustelle der Kanalhauptbrücke über die Leine bei Seelze;1913;52.404315;9.583374
11879;Beschädigungen der Uferdeckung zwischen Sandverladestelle und Garbsner Brücke, Garbsen;1928;52.409757;9.596421
11869;Ausfüllung der Nadelbocknische mit Steinen und Sand der Kanalhauptbrücke über die Leine bei Seelze;1928;52.404315;9.583374
11736;Baustelle der Eisenbahnüberführung bei Lohnde;1912;52.398685;9.559541
11608;Sperrtor, Havelse;1916;52.413835;9.60965
11751;Verankerungen in der Vorder- und Seitenwand des linken Widerlagers zum Sperrtor bei Lohnde;1913;52.399019;9.562428
14507;Hannover-Limmer, Linke Kammerwand an der Aufstiegsschleuse;1914;52.384805;9.679825
11912;Hochwasserschäden am Auslass zur Leine km 150,8;1932;52.401609;9.57413
11897;Umbau des Leineauslasses km 150,7 bei Lohnde;1928;52.401609;9.57413
11611;Düker im Köllingsmoorgraben, Havelse;1913;52.411021;9.599506
11718;Brücke für die Eisenbahnüberführung bei Lohnde;1912;52.398623;9.559589
11467;Brücke Nr. 117 c (Kaiserbrücke), Hannover-Vahrenwald;1913;52.407749;9.739574
11726;Baustelle der Brücke in der Leinemasch bei Hannover-Ahlem;1912;52.396095;9.667208
11651;Dükerbau des Schiffgrabens, Hannover-Klein Buchholz;1915;52.405566;9.799121
11790;Herstellung der Uferplatten im unteren Vorhafen, Hannover-Limmer;1913;52.37897;9.680617
11425;Baustelle und verschiedene Bauabschnitte der Kanalflutbrücke über die Leine bei Seelze;1913;52.41241;9.647841
11546;Ausbaggerung, Hannover-Stöcken;1914;52.42028;9.634604
11439;Baustelle und verschiedene Bauabschnitte der Kanalflutbrücke über die Leine bei Seelze;1915;52.41241;9.647841
11703;Kanalbaustelle, Hannover-Vahrenwald;1915;52.409325;9.734539
11929;Herrenhäuser Wehr, Hannover-Herrenhausen;1932;52.380935;9.691493
11755;Baggerarbeiten im Leinebett und Verlegung des Flusses, Hanover-Limmer;1913;52.384128;9.683959
11632;Dükerbau bei der Kanalstrecke, Hannover-Vahrenwald;1915;52.410865;9.729856
11629;Dükerbau bei der Kanalstrecke, Hannover-Vahrenwald;1914;52.410867;9.729854
11684;Dammbruch am Eilenriedegraben, Hannover;1915;52.405007;9.754356
11701;Kanalbaustelle, Hannover-Vahrenwald;1915;52.4108;9.729902
11447;Grundstück Biermann südlich der Brücke Nr. 112, Garbsen;1915;52.408564;9.594432
11706;Kanalbaustelle, Hannover-Vahrenwald;1915;52.412055;9.726393
11825;Ausschachtungsarbeiten am Harenberger Düker, Harenberg;1914;52.389498;9.618375
11928;Herrenhäuser Wehr, Hannover-Herrenhausen;1932;52.381217;9.690694
11592;Ãœberflutete Wiesen, Garbsen;1915;52.409877;9.597743
11930;Herrenhäuser Wehr, Hannover-Herrenhausen;1932;52.381198;9.69081
11550;Station 46 nördlich der Flutbrücke bei Garbsen;1915;52.409831;9.596809
11891;Trogwand der Kanalhauptbrücke über die Leine bei Seelze;1928;52.403895;9.58402
11564;Station 48 und 80 nach Nordosten bei Garbsen;1915;52.41533;9.615879
11800;Verschalung der Umläufe im Unterhaupt der Aufstiegsschleuse, Hannover-Limmer;1913;52.384742;9.680386
11514;Brücke an der Schierholzstrasse, Hannover-Gross Buchholz;1916;52.400261;9.821033
11752;Verankerungen in der Seiten- und Rückwand des rechten Widerlagers zum Sperrtor bei Lohnde;1913;52.399043;9.562413
11962;Linker und rechter Hochwasserdamm der Ihme zwischen Eisenbahnbrücke, Strassenbrücke, Krankenhaus Siloah und Schützenplatz, Hannover-Linden;1937;52.361196;9.726009
11702;Kanalbaustelle, Hannover-Vahrenwald;1915;52.412076;9.726353
11408;Baustelle der Kanalhauptbrücke über die Leine bei Seelze;1914;52.404328;9.583321
11753;Rechtes Widerlager mit Ufermauer und Eisenbahnbrücke bei Lohnde;1913;52.39857;9.559709
11984;Oberhaupt des Riegener Dükers D 206;1938;;
11798;Sperrtor mit Seilscheibenhäuschen im Hauptkanal bei Lohnde;1913;52.398857;9.562381
11570;Fahrwasserstrom unterhalb der Hauptbrücke;1916;;
11417;Baustelle der Kanalhauptbrücke über die Leine bei Seelze;1915;52.404013;9.583241
11935;Kanalhauptbrücke über die Leine bei Seelze;1934;52.404533;9.583479
11562;Kanalbett, Hannover-Stöcken;1916;52.421177;9.640215
11681;Dükerbau am Klein-Buchholzer Koppelweg, Hannover-Klein Buchholz;1915;52.395753;9.797242
11475;Brücke am Klein-Buchholzer Koppelweg, Hannover-Klein Buchholz;1910;52.396006;9.797981
11895;Umbau des Leineauslasses km 150,7 bei Lohnde;1928;52.401087;9.574403
11555;Wiese des Hofbesitzers Mussmann, Havelse;1915;;
11639;Dükerbau des Schiffgrabens, Hannover-Klein Buchholz;1914;52.395236;9.795853
11788;Herstellung der Kanäle für den städtischen Düker in Station 5 und 11 des Leineabstiegskanals, Hannover-Limmer;1913;52.38361;9.682759
11444;Brücke Nr. 112 an der Chaussee, Garbsen-Seelze;1913;52.409453;9.596161
11619;Baugrube des Dükers für den Desbrockswiedegraben, Hannover-Stöcken;1914;52.422267;9.651602
11627;Dükerbau, Hannover-Hainholz;1914;52.415474;9.716997
11945;Sandfang Rodenberger Aue bei Rodenberg;1936;52.387903;9.322582
11707;Kanalbaustelle, Hannover-Vahrenwald;1915;52.408707;9.736436
11457;Brücke Nr. 114 b, Engelbostel-Hannover-Stöcken;1910;52.423473;9.689259
11990;Weidenpflanzungen am rechten Ufer des Kanals km 161,5;1940;;
11723;Fertiger eiserner Ãœberbau der Brücke bei Seelze-Almhorst;1912;52.390542;9.584674
11584;Tonbagger, Berenbostel;1915;52.417168;9.622449
11634;Dükerbau bei der Kanalstrecke, Hannover-Vahrenwald;1915;52.411966;9.726569
11554;Ãœberschwemmte Wiese des Havelser Einwohners Mussmann durch Rückstau im Garbsener Graben (auch Havelser Graben), Havelse;1916;;
11749;Montage des eisernen Ãœberbaus der Lohnder Landstrassenbrücke bei Lohnde;1913;52.399929;9.568475
11601;Döbbeckesche Wiese, Havelse;1915;;
11452;Brücke Nr. 114 b, Engelbostel-Hannover-Stöcken;1910;52.423385;9.689222
11885;Trogwand der Kanalhauptbrücke über die Leine bei Seelze;1928;52.404102;9.583298
11445;Brücke Nr. 112 an der Chaussee, Garbsen-Havelse;1913;52.414128;9.610996
11545;Leinedamm bei Seelze;1914;52.401624;9.573672
11724;Baustelle der Brücke bei Letter;1912;52.391636;9.650913
11603;Sperrtor, Havelse;1913;52.413678;9.609769
11414;Baustelle der Kanalhauptbrücke über die Leine bei Seelze;1915;52.404752;9.584503
11898;Umbau des Leineauslasses km 150,7 bei Lohnde;1928;52.401381;9.574272
11499;Brücke am Klein-Buchholzer Koppelweg, Hannover-Klein Buchholz;1912;52.403148;9.815327
11937;Abbruch der Stützmauer der Stader Chausseebrücke;1935;;
11682;Dükerbau am Klein-Buchholzer Koppelweg, Hannover-Klein Buchholz;1915;;
11769;Betonieren der Sohle und Versetzen der Drainageröhren in der Sohle der Leineabstiegsschleuse, Hannover-Limmer;1913;52.384872;9.679944
11523;Brücke im Zuge des Misburger Dammes, Hannover-Misburg;1913;52.358994;9.866082
11430;Baustelle und verschiedene Bauabschnitte der Kanalflutbrücke über die Leine bei Seelze;1914;52.403838;9.582352
11824;Ausschachtungsarbeiten am Harenberger Düker, Harenberg;1914;52.389836;9.623156
11626;Dükerbau, Hannover-Hainholz;1914;52.415579;9.716475
11835;Leinetal mit Kanalhauptbrücke und Flutbrücke bei Seelze;1914;52.403176;9.580977
11831;Eisenbetonbrücke, Hannover-Stöcken-Engelbostel;1914;52.422592;9.650815
11796;Leineauslass mit Untergraben bei Seelze;1913;52.401109;9.574365
11804;Tonverrutschungen in der Dichtungsschicht des Kanalbettes im Zweigkanal bei Seelze;1914;52.393863;9.569186
11609;Sperrtor, Havelse;1916;52.41402;9.6099
11495;Brücke am Klein-Buchholzer Koppelweg, Hannover-Klein Buchholz;1910;;
11636;Dükerbau bei der Kanalstrecke, Hannover-Vahrenwald;1915;52.410348;9.731821
11585;Station 45 südlich der Flutbrücke bei Seelze;1915;52.399644;9.5683
11756;Gefundener Einbaum im Leinebett bei der Flussverlegung, Hannover-Limmer;1913;52.37752;9.712345
11976;Strassenbrücke Nr. 237 Podbielskistrasse, Hannover-Bothfeld;1938;52.405529;9.798974
11764;Steinpackung im Schleusenvorboden und Sohle der Torkammer im Unterhaupt der Leineabstiegsschleuse, Hannover-Limmer;1913;52.384628;9.680024
11698;Kanalbaustelle, Hannover-Vahrenwald;1915;52.409584;9.733516
11969;Uferbefestigung der Ihme, Hannover-Ricklingen;1937;52.343733;9.741024
11478;Brücke am Klein-Buchholzer Koppelweg, Hannover-Klein Buchholz;1910;52.404542;9.808209
11621;Baugrube des Dükers für den Desbrockswiedegraben, Hannover-Stöcken;1914;52.422267;9.651602
11614;Düker im Köllingsmoorgraben, Havelse;1913;52.420804;9.636545
11492;Brücke am Klein-Buchholzer Koppelweg, Hannover-Klein Buchholz;1910;52.40501;9.802883
11548;Station 44 bei Garbsen;1915;52.409883;9.596984
11993;Brand der Deurag;;52.409888;9.814615
11401;Baustelle der Kanalhauptbrücke über die Leine bei Seelze;1913;52.405275;9.584544
11782;Rammen von Spundwände in der Baugrube der Herrenhäuser Wehranlage, Hannover-Herrenhausen;1913;52.381278;9.690701
11761;Baggerarbeiten in der Baugrube der Aufstiegsschleuse, Hannover-Limmer;1913;52.384804;9.679498
11727;Baustelle der Brücke in der Leinemasch bei Hannover-Ahlem;1912;52.395972;9.667059
11874;Grundwassereinlauf in das entleerte Kanalbett am Nordufer westlich des Havelser Sperrtors, Havelse;1928;52.40691;9.590107
11593;Ãœberflutete Wiesen, Garbsen;1916;52.410021;9.595025
11795;Leineauslass bei Seelze;1913;52.401588;9.573898
11542;Ãœberflutung der nördlichen Abgrabung an der Flutbrücke und der Stünkelschen Wiese;1916;;
11464;Brücke Nr. 114 d, Hannover-Stöcken-Hannover-Vinnhorst;1913;52.422454;9.650285
11951;Auslass zur Leine;1936;52.40177;9.572446
11643;Dükerbau des Schiffgrabens, Hannover-Klein Buchholz;1915;52.403087;9.815023
11613;Düker im Köllingsmoorgraben, Havelse;1913;;
11465;Brücke Nr. 117 c (Kaiserbrücke), Hannover-Vahrenwald;1912;52.407818;9.73946
11650;Dükerbau des Schiffgrabens, Hannover-Klein Buchholz;1915;52.403536;9.814689
11973;Hafen, Hannover-Linden;1938;52.373316;9.685608
11661;Dükerbau des Schiffgrabens, Hannover-Klein Buchholz;1915;52.403758;9.815162
11982;Unterhaupt des Riegener Dükers D 206;1938;;
11540;Brinker Hafen, Hannover-Vinnhorst;1916;52.41702;9.71309
11486;Brücke Spannhagenstrasse, Hannover-Klein Buchholz;1910;52.406556;9.781455
11688;Kanalbaustelle, Hannover-Vahrenwald;1915;52.408563;9.738101
11596;Tongruben der Ziegelei Plass, Garbsen;1915;52.413205;9.608606
11774;Leineauslass bei Lohnde;1913;52.401492;9.57355
11883;Schwindriss in der Nadellehnenschwelle der Flutbrücke, Leinetal;1928;;
11687;Kanalbaustelle, Hannover-Vahrenwald;1915;52.411334;9.728346
11396;Baustelle der Kanalhauptbrücke über die Leine bei Seelze;1912;52.403469;9.583446
11964;"Linker Hochwasserdamm mit Spundwand für Badeanstalt, Hannover;";1937;;
11442;Baustelle und verschiedene Bauabschnitte der Kanalflutbrücke über die Leine bei Seelze;1914;52.404973;9.58495
11415;Baustelle der Kanalhauptbrücke über die Leine bei Seelze;1915;52.404511;9.581991
11975;Strassenbrücke Nr. 217 bei Lohnde-Seelze;1938;52.399644;9.568566
11665;Dükerbau am Eilenriedegraben, Hannover;1915;;
11957;Dedenser Brücke Nr. 213 bei Seelze;1937;52.3999009;9.5684252
11903;Umbau des Leineauslasses km 150,7 bei Lohnde;1928;52.4039052;9.5838874
11693;Kanalbaustelle, Hannover-Vahrenwald;1915;52.4102546;9.7317392
11735;Baustelle der Eisenbahnüberführung bei Lohnde;1912;52.3986308;9.5595399
11974;Hafen, Hannover-Misburg;1938;52.3848072;9.8377348
11686;Kanalbaustelle, Hannover-Vahrenwald;1915;52.4103181;9.7315062
11537;Ablagerung von Baggerboden im Altwarmbüchener Moor, Hannover-Misburg;1913;52.4271544;9.8957958
11906;Umbau des Leineauslasses km 150,7 bei Lohnde;1928;52.4039052;9.5838874
11700;Kanalbaustelle, Hannover-Vahrenwald;1915;52.4105128;9.730927
11678;Dükerbau am Klein-Buchholzer Koppelweg, Hannover-Klein Buchholz;1915;52.4057624;9.7967703
11926;Herrenhäuser Wehr, Hannover-Herrenhausen;1932;52.4176606;9.7104228
11586;Station 45 und 50 südlich der Flutbrücke bei Seelze;1915;52.4067833;9.5899559
11411;Baustelle der Kanalhauptbrücke über die Leine bei Seelze;1915;52.4045623;9.5851328
11513;Brücke an der Schierholzstrasse, Hannover-Gross Buchholz;1913;52.4001663;9.8210412
11595;Leinehochwasser oberhalb der Kanalhauptbrücke bei der Landstrasse Seelze - Garbsen;1916;52.4060208;9.5884104
11813;Betonierungsarbeiten am Bredenbach-Düker im Zweigkanal, Seelze-Harenberg;1914;52.394851;9.5656159
11461;Brücke Nr. 114 b, Engelbostel-Hannover-Stöcken;1911;52.4226057;9.6509769
11427;Baustelle und verschiedene Bauabschnitte der Kanalflutbrücke über die Leine bei Seelze;1913;52.404152;9.5844746
11458;Brücke Nr. 114 b, Engelbostel-Hannover-Stöcken;1910;52.4223517;9.6506004
11438;Baustelle und verschiedene Bauabschnitte der Kanalflutbrücke über die Leine bei Seelze;1915;52.4040734;9.5841635
11607;Sperrtor, Havelse;1916;52.4139748;9.6104224
11515;Brücke an der Schierholzstrasse, Hannover-Gross Buchholz;1916;52.4002069;9.8208303
11803;Sperrtor, Eisenbahnbrücke und Lohnder Chausseebrücke bei Lohnde;1914;52.4137495;9.6094942
11690;Kanalbaustelle, Hannover-Vahrenwald;1915;52.4095656;9.7338377
11850;Betonierungsarbeiten am Düker des Zweigkanals, Hannover-Linden;1914;52.3949898;9.5652297
11834;Kanalhauptbrücke über die Leine bei Seelze;1914;52.4066641;9.5897438
11685;Dammbruch am Eilenriedegraben, Hannover;1915;52.4052054;9.7594621
11666;Dükerbau am Eilenriedegraben, Hannover;1915;52.4050221;9.7573163
11827;Abdichtung der Sohle des Zweigkanals zwischen Station 1 und 4 der Strecke Hannover-Linden, Letter;1914;52.3961339;9.5603243
11556;Station 47 und 50 bei Garbsen;1915;52.4165886;9.6203532
11880;Beschädigungen der Uferdeckung neben der Flutbrücke, Leinetal;1928;;
11517;Brücke im Zuge des Misburger Dammes, Hannover-Misburg;1913;52.3869089;9.8352113
11573;Ãœberflutung der Maschwiesen;1916;52.3551585;9.8691056
11646;Dükerbau des Schiffgrabens, Hannover-Klein Buchholz;1915;52.405518;9.8002443
11972;Seilscheibenhäuschen;1938;;
11870;Nadelbocknische und Schwelle der Kanalhauptbrücke über die Leine bei Seelze;1928;52.405284;9.5867152
11771;Baggerarbeiten im Leinebett, Hannover-Herrenhausen;1913;52.4220278;9.6456459
11410;Baustelle der Kanalhauptbrücke über die Leine bei Seelze;1915;52.4068083;9.5903129
11830;Düker in Station 11 und 20 des Zweigkanals, Hannover-Limmer;1914;52.3952771;9.5636647
11424;Baustelle und verschiedene Bauabschnitte der Kanalflutbrücke über die Leine bei Seelze;1913;52.4038909;9.5836998
11480;Brücke am Klein-Buchholzer Koppelweg, Hannover-Klein Buchholz;1910;52.4058689;9.7959826
11738;Betonieren der Sohle des Bachdurchlasses an der Lohnder Feldwegbrücke bei Lohnde;1912;52.4014809;9.5371998
11948;Sandfang Rodenberger Aue bei Rodenberg;1936;52.3075666;9.3572458
11759;Tormut in der Sohle der Uferladestelle der Gummiwerke Excelsior, Hannover-Limmer;1913;52.3836304;9.6764941
11801;Hochwasser am alten Herrenhäuser Wehr und Baugrube des neuen Herrenhäuser Wehrs, Hannover-Herrenhausen;1913;52.405109;9.7520955
11750;Baggerarbeiten am Sperrtor mit Ufermauer und Eisenbahnbrücke bei Lohnde;1913;52.4137651;9.6098017
11476;Brücke am Klein-Buchholzer Koppelweg, Hannover-Klein Buchholz;1910;52.4053873;9.8019759
11397;Baustelle der Kanalhauptbrücke über die Leine bei Seelze;1913;52.4066027;9.589583
11588;Station 45 und 50 südlich der Flutbrücke bei Seelze;1915;52.4067275;9.5906675
11909;Ãœberschwemmungsgebiet der Leine bei Schloss Ricklingen, Garbsen;1932;52.4265251;9.4947645
14508;Hannover-Limmer, Linke Hälfte der Baugrube an der Leine- Aufstiegsschleuse mit Kompressor;1913;52.3783062;9.6815903
11772;Baggerarbeiten in der Baugrube des Herrenhäuser Wehrs, Hannover-Herrenhausen;1913;52.4226923;9.6575543
11474;Brücke am Klein-Buchholzer Koppelweg, Hannover-Klein Buchholz;1910;52.4044919;9.8097726
11481;Brücke am Klein-Buchholzer Koppelweg, Hannover-Klein Buchholz;1911;52.4043801;9.8095483
11787;Auslass im Leineabstiegkanal, Hannover-Limmer;1913;52.3845246;9.6806092
11887;Trogwand der Kanalhauptbrücke über die Leine bei Seelze;1928;52.4064406;9.5892681
11434;Baustelle und verschiedene Bauabschnitte der Kanalflutbrücke über die Leine bei Seelze;1914;52.4058253;9.5879377
11775;Fertig montiertes Sperrtor bei Lohnde;1913;52.4137153;9.6095986
11717;Kanalbett bei Lohnde an der Abzweigstelle des Zweigkanals mit dessen fertiggestellter Sohle;1912;52.3945191;9.5668929
11980;Oberhaupt des Riegener Dükers D 206;1938;;
11526;Flutmulden von Lohnde her zur Flutbrücke;1916;52.402044;9.5789424
11602;Sperrtor, Havelse;1913;52.4136951;9.609393
11487;Brücke Spannhagenstrasse, Hannover-Klein Buchholz;1911;52.4064331;9.7812861
11829;Montage der Zylinderstütze im Oberhaupt der Aufstiegsschleuse, Hannover-Limmer;1914;52.3781279;9.6815863
11979;Oberhaupt des Riegener Dükers D 206;1938;;
11934;Kanalhauptbrücke über die Leine bei Seelze;1934;52.4070445;9.5906196
11900;Umbau des Leineauslasses km 150,7 bei Lohnde;1928;52.4010369;9.5743029
11422;Baustelle und verschiedene Bauabschnitte der Kanalflutbrücke über die Leine bei Seelze;1913;52.4072159;9.5909755
11647;Dükerbau des Schiffgrabens, Hannover-Klein Buchholz;1915;52.4052073;9.8033116
11877;Beschädigungen der Uferdeckung östlich der Lohnder Brücke bei Lohnde;1928;52.4007087;9.5400268
11525;Bahnhofsgebäude, Hannover-Vinnhorst;1913;52.4230157;9.7066825
11758;Verschalung und Betonierung der Sohle für die Uferladestelle der Gummiwerke Excelsior, Hannover-Limmer;1913;52.3829691;9.6775831
11872;Risse in der Nadellehnenschwelle der Kanalhauptbrücke über die Leine bei Seelze;1928;52.4062122;9.5889318
11649;Dükerbau des Schiffgrabens, Hannover-Klein Buchholz;1915;52.4050144;9.8042703
11637;Dükerbau des Schiffgrabens, Hannover-Klein Buchholz;1914;52.404386;9.8114586
11842;Montage der Ständertore im Unterhaupt der Aufstiegsschleuse, Hannover-Limmer;1914;52.3782084;9.682063
11822;Löffelbagger in Betrieb am Zweigkanal zwischen Stadion 1 und 4 der Strecke Hannover-Linden, Letter;1914;52.3957157;9.5620274
11493;Brücke am Klein-Buchholzer Koppelweg, Hannover-Klein Buchholz;1910;52.4046217;9.8081756
11871;Abgerissene Nadellehnenschwelle der Kanalhauptbrücke über die Leine bei Seelze;1928;52.4056558;9.5876443
11776;Versetzen der Betonsteine im Sturzbett und Unterhaupt der Leineabstiegsschleuse, Hanover-Limmer;1913;52.3843788;9.6810953
11522;Brücke im Zuge des Misburger Dammes, Hannover-Misburg;1913;52.3837897;9.8390085
11904;Umbau des Leineauslasses km 150,7 bei Lohnde;1928;52.4017484;9.5738973
11894;Umbau des Leineauslasses km 150,7 bei Lohnde;1928;52.4022328;9.5731034
11403;Baustelle der Kanalhauptbrücke über die Leine bei Seelze;1913;52.4066965;9.5900154
11551;Tongrube bei Garbsen-Seelze;1916;52.4107252;9.5745249
11805;Tonverrutschungen in der Dichtungsschicht des Kanalbettes im Zweigkanal bei Seelze;1914;52.3943869;9.567873
11455;Brücke Nr. 114 b, Engelbostel-Hannover-Stöcken;1910;52.4233492;9.6892733
11580;Kartoffelverladung im Brinker Hafen, Hannover Vinnhorst;1916;52.4168162;9.7133982
11648;Dükerbau des Schiffgrabens, Hannover-Klein Buchholz;1915;52.4047919;9.8063302
11590;Hochwasserauskalkungen der Schaumburgschen Abgrabung bei Schaumburg;1915;52.3013544;9.2176464
11864;Sperrtor bei Lohnde;1915;52.4137958;9.6093646
11992;Weidenpflanzungen am Leineabstiegkanal km 0,6, Hannover-Limmmer;1940;52.3828464;9.6853868
11653;Dükerbau des Schiffgrabens, Hannover-Klein Buchholz;1915;52.4059831;9.7948074
11970;Beschädigung am Sperrtor, Lohnde;1937;52.4139103;9.6096704
11538;Brinker Hafen, Hannover-Vinnhorst;1916;52.4169831;9.7142672
11857;Brücke Nr. 126, Hannover-Limmer;1915;52.4127259;9.7245262
11583;Tongrube, Berenbostel;1915;52.4392401;9.6348218
11470;Brücke Nr. 117 c (Kaiserbrücke), Hannover-Vahrenwald;1913;52.4093325;9.734845
11846;Erdrutschungen des Zweigkanals bei Harenberg;1914;52.3950348;9.5644521
11853;Leineabstiegsschleuse mit Schleusenmeister-Dienstgehöft, Hannover-Limmer;1914;52.3847062;9.6800868
11705;Kanalbaustelle, Hannover-Vahrenwald;1915;52.4085617;9.7368776
11811;Verbindungsmuffe des Druckwasserkanals bei der Aufstiegsschleuse, Hannover-Limmer;1914;52.3793218;9.6803464
11762;Rechte Hälfte der Baugrube der Leineabstiegsschleuse mit Betonmisch- und Gleisanlage, Hannover-Limmer;1913;52.3849551;9.6797006
11610;Sperrtor, Havelse;1916;52.4139164;9.6095554
11412;Baustelle der Kanalhauptbrücke über die Leine bei Seelze;1915;52.4055509;9.5872645
11568;Hafenmauer, Hannover-Misburg;1916;52.3832167;9.8566658
11999;Durch Hochwasser ausgekolktes Ufer der Leine km 26,9;1949;52.4077526;9.7395234
11471;Brücke Nr. 117 c (Kaiserbrücke), Hannover-Vahrenwald;1913;;
11473;Brücke Nr. 117 f Bothfelder Strasse, Hannover-Klein Buchholz;1912;52.4052238;9.7629642
11645;Dükerbau des Schiffgrabens, Hannover-Klein Buchholz;1915;52.404818;9.8071027
11863;Sperrtor bei Lohnde;1915;52.4138645;9.6099815
11833;Eisenbetonbrücke im Zuge der Bothfelder Strasse auf der Nordseite des Kanals, Hannover-Bothfeld;1914;52.4058338;9.7628752
11520;Brücke im Zuge des Misburger Dammes, Hannover-Misburg;1913;52.3825371;9.839702
11961;Linker und rechter Hochwasserdamm der Ihme zwischen Eisenbahnbrücke, Strassenbrücke, Krankenhaus Siloah und Schützenplatz, Hannover-Linden;1937;52.3608994;9.7255748
11663;Dükerbau am Eilenriedegraben, Hannover;1915;52.4060693;9.7715943
11767;Montage der Seilscheibenhäuschen und Hauptträger des Sperrtors bei Lohnde;1913;52.4136747;9.6097884
11599;Baumgartesche Wiesen südlich des Kanals, Garbsen;1915;;
11697;Kanalbaustelle, Hannover-Vahrenwald;1915;52.4136556;9.7222499
11557;Kanalbett östlich der Brücke, Schulenburger Landstrasse, Hannover-Hainholz;1916;52.4233264;9.6917836
11558;Station 47 und 80 bei Garbsen;1915;52.42718;9.595495
11662;Dükerbau am Eilenriedegraben, Hannover;1915;52.40177;9.818934
11712;Durchlass des Lohndebachs und Eisenbahnüberführung des Lohnder Feldwegs bei Lohnde;1912;52.398249;9.55058
11429;Baustelle und verschiedene Bauabschnitte der Kanalflutbrücke über die Leine bei Seelze;1913;52.403897;9.584275
11742;Widerlager zum Sperrtor bei Lohnde;1913;52.399025;9.56238
11674;Dükerbau am Lister Koppelweg, Hannover-List;1915;52.406378;9.786592
11784;Abschneiden des alten Leinebettes unterhalb des Herrenhäuser Wehrs, Hannover-Limmer;1913;52.3807141;9.691142
11988;Blechfabrik Günther Wagner südlich km 159,00, Hannover;1939;52.423262;9.685899
11660;Dükerbau des Schiffgrabens, Hannover-Klein Buchholz;1915;52.403424;9.815358
11547;Station 42 und 50 bei Garbsen;1915;52.42718;9.595495
11851;Sperrtor bei Lohnde;1914;52.399025;9.56238
11783;Zuschüttung des alten Leinebettes, Hannover-Limmer;1913;52.38024;9.691417
14504;Hannover-Limmer, Untere Ansicht der Eisenbahnbrücke über das Untergerüst an der Aufstiegsschleuse ;1914;52.398502;9.559567
11766;Rammarbeiten in der Baugrube des städtischen Dükers, Hannover-Limmer;1913;52.381318;9.677989
11591;Tongruben der Ziegelei Plass und Stille, Garbsen;1916;52.43262;9.5982713
11574;Hafenmauer, Hannover-Misburg;1916;52.382874;9.85559
11594;Tongrube der Ziegelei Plass, Garbsen;1915;52.43262;9.5982713
11477;Brücke am Klein-Buchholzer Koppelweg, Hannover-Klein Buchholz;1910;52.410535;9.802294
11433;Baustelle und verschiedene Bauabschnitte der Kanalflutbrücke über die Leine bei Seelze;1914;52.403897;9.584275
11582;Wiese des Hofbesitzers L. Köhne, Havelse;1915;52.4103273;9.6037816
11612;Düker im Köllingsmoorgraben, Havelse;1913;52.421256;9.638725
11868;Abgedrückte Nadellehnenschwelle der Kanalhauptbrücke über die Leine bei Seelze;1928;52.404232;9.583951
11500;Brücke am Klein-Buchholzer Koppelweg, Hannover-Klein Buchholz;1912;52.410535;9.802294
11978;Oberhaupt des Riegener Dükers D 206;1938;52.387496;9.3220578
11654;Dükerbau des Schiffgrabens, Hannover-Klein Buchholz;1915;52.403424;9.815358
11426;Baustelle und verschiedene Bauabschnitte der Kanalflutbrücke über die Leine bei Seelze;1913;52.403897;9.584275
11497;Brücke am Klein-Buchholzer Koppelweg, Hannover-Klein Buchholz;1911;52.410535;9.802294
11695;Kanalbaustelle, Hannover-Vahrenwald;1915;52.409755;9.732686
11466;Brücke Nr. 117 c (Kaiserbrücke), Hannover-Vahrenwald;1912;52.407788;9.739467
11838;Erdrutschungen auf der linken Seite des Zweigkanals bei Letter-Seelze;1914;52.391794;9.640399
11566;Grundstück Biermann, Garbsen;1915;52.4277439;9.6095769
11950;Auslass zur Leine;1936;52.4012981;9.5738789
11844;Erdrutschungen des Zweigkanals bei Harenberg;1914;52.389413;9.618934
11418;Baustelle der Kanalhauptbrücke über die Leine bei Seelze;1916;52.4033287;9.5832217
11936;Kanalhauptbrücke über die Leine bei Seelze;1934;52.4033287;9.5832217
11823;Ausschachtungsarbeiten am Harenberger Düker, Harenberg;1914;52.389882;9.623134
11469;Brücke Nr. 117 c (Kaiserbrücke), Hannover-Vahrenwald;1913;52.407788;9.739467
11812;Brückenbau über das Unterhaupt der Aufstiegsschleuse, Hannover-Limmer;1914;52.3785714;9.6788109
11916;Schaummassen im Leinearm (Leinehafen), Hannover;1932;52.37861;9.71085
11527;Kartoffelverladung im Brinker Hafen, Hannover-Vinnhorst;1916;52.4169749;9.7140634
11683;Dükerbau am Klein-Buchholzer Koppelweg, Hannover-Klein Buchholz;1915;52.403424;9.815358
11847;Erdrutschungen des Zweigkanals bei Harenberg;1914;52.389413;9.618934
11399;Baustelle der Kanalhauptbrücke über die Leine bei Seelze;1913;52.4033287;9.5832217
11532;Ãœberflutung der Maschwiesen bei Garbsen;1916;52.427233;9.594879
11559;Kanalbett Schulenburger Landstrasse, Hannover-Hainholz;1916;52.4152117;9.6978653
11616;Baustelle Spannhagendüker, Hannover-Klein-Buchholz;1914;52.406269;9.776967
11553;Grundstücke der Garbsener Einwohner Plass und Dröge bei Stadion 47, Garbsen;1915;52.426875;9.595055
11981;Unterhaupt des Riegener Dükers D 206;1938;52.388353;9.3218483
11959;Abfluss des rechten Hochwasserdammes beim Schnellen Graben, Hannover-Calenberger Neustadt;1937;52.354177;9.7316701
11420;Baustelle und verschiedene Bauabschnitte der Kanalflutbrücke über die Leine bei Seelze;1913;52.403897;9.584275
11862;Sperrtor bei Lohnde;1915;52.399025;9.56238
11529;Ãœberflutung Station 44 bei Garbsen;1916;52.426875;9.595055
11952;Auslass zur Leine;1936;52.4012981;9.5738789
11605;Sperrtor, Havelse;1913;52.413846;9.609677
11489;Brücke Spannhagenstrasse, Hannover-Klein Buchholz;1912;52.406475;9.78127
11630;Dükerbau bei der Kanalstrecke, Hannover-Vahrenwald;1914;52.410937;9.729666
11815;Wasserbauwart-Dienstgehöft bei Lohnde;1914;52.399279;9.563965
11571;Hafenmauer, Hannover-Misburg;1916;52.382874;9.85559
11802;Schutzvorrichtungen in der Baugrube des neuen Herrenhäuser Wehrs gegen Hochwasserdurchbruch, Hannover-Herrenhausen;1913;52.3807141;9.691142
11780;Ausmauerung und Verschalung der Kanäle des städtischen Dükers in Station 5 und 11 des Leineabstiegskanals, Hannover-Limmer;1913;52.382617;9.685769
11854;Aufstiegsschleuse mit Schleusenmeister-Dienstgehöft, Hannover-Limmer;1914;52.35462;9.737284
11549;Ãœberflutung der Abgrabung südlich der Flutbrücke und gefüllte Flutmulde neben der alten Strasse, Garbsen-Seelze;1916;52.4068829;9.587996
11944;Sandfang Rodenberger Aue bei Rodenberg;1936;52.389333;9.3502537
11946;Sandfang Rodenberger Aue bei Rodenberg;1936;52.389333;9.3502537
11875;Versackung der Pflasterung an der Nordböschung neben dem Havelser Sperrtor, Havelse;1928;52.413846;9.609677
11908;Sturzwellen des Leineauslasses km 50,7 bei Lohnde;1932;52.4012981;9.5738789
11747;Widerlager bei Lohnde;1913;52.40002;9.568366
11676;Dükerbau am Lister Koppelweg, Hannover-List;1915;52.406378;9.786592
11737;Baggerarbeiten am Kanalbett des Zweigkanals Linden bei Seelze-Almhorst;1912;52.391715;9.578979
11821;Dükerbau beim Leineabstiegkanal, Hannover-Limmer;1914;52.382617;9.685769
11932;"Motorboot ""Ihme""";1933;;
11789;Uferladestelle der Gummiwerke Excelsior, Hannover-Limmer;1913;52.382103;9.677635
11888;Trogwand der Kanalhauptbrücke über die Leine bei Seelze;1928;52.4033287;9.5832217
11516;Brücke an der Schierholzstrasse, Hannover-Gross Buchholz;1916;52.4000795;9.8186326
11843;Erdrutschungen des Zweigkanals bei Harenberg;1914;52.389413;9.618934
11963;Linker und rechter Hochwasserdamm der Ihme mit Transportbrücke, Hannover-Linden;1937;52.353058;9.7292717
11669;Dükerbau am Eilenriedegraben, Hannover;1915;52.40177;9.818934
11459;Brücke Nr. 114 b, Engelbostel-Hannover-Stöcken;1910;52.422591;9.650617
11719;Westliches Widerlager bei Lohnde mit der Ãœberführung der Verbindungsbahn Seelze-Hannover-Vinnhorst;1912;52.398634;9.559655
11911;Hochwasserschäden am Auslass zur Leine km 150,8;1932;52.4012981;9.5738789
11947;Sandfang Rodenberger Aue bei Rodenberg;1936;52.389333;9.3502537
11837;Leineabstiegkanal und Verlegung der Leine, Hannover-Limmer;1914;52.382617;9.685769
11541;Baggerarbeiten Alte Gehägestrasse, Hannover-Misburg;1913;52.384498;9.83397
11799;Verschalung der Umläufe im Oberhaupt der Aufstiegsschleuse, Hannover-Limmer;1913;52.35462;9.737284
11730;Döteberger Brücke bei Seelze-Döteberg;1912;52.389213;9.597624
11656;Dükerbau des Schiffgrabens, Hannover-Klein Buchholz;1914;52.403424;9.815358
11910;Leinehochwasser an der Kanalhauptbrücke bei Seelze;1932;52.4033287;9.5832217
11409;Baustelle der Kanalhauptbrücke über die Leine bei Seelze;1914;52.4033287;9.5832217
11828;Montage der Zylinderstütze im Oberhaupt der Aufstiegsschleuse, Hannover-Limmer;1914;52.35462;9.737284
11539;Bauwart-Dienstgehöft am Lister Mühlenweg, Hannover-List;1913;52.3878609;9.8335139
11939;Spundwandsicherung beim Südaue-Durchlass;1935;52.393017;9.4215317
11794;Ufermauern und Sturzbett der Herrenhäuser Wehranlage, Hannover-Herrenhausen;1913;52.3807141;9.691142
11604;Sperrtor, Havelse;1913;52.413846;9.609677
11849;Bei Baggerarbeiten gefundene Ammoniten-Versteinerungen, Hannover-Linden;1914;52.365779;9.695469
11454;Brücke Nr. 114 b, Engelbostel-Hannover-Stöcken;1910;52.422591;9.650617
11402;Baustelle der Kanalhauptbrücke über die Leine bei Seelze;1913;52.4033287;9.5832217
11533;Kartoffelverladung im Brinker Hafen, Hannover-Vinnhorst;1916;52.4169749;9.7140634
11502;Brücke am Klein-Buchholzer Koppelweg, Hannover-Klein Buchholz;1912;52.410535;9.802294
11971;Beschädigung am Sperrtor, Lohnde;1937;52.399077;9.562401
11933;Angeschwemmte Zellulose am Herrenhäuser Wehr, Hannover-Herrenhausen;1933;52.3807141;9.691142
11793;Betonierung der Schleusensohle in der Aufstiegsschleuse, Hannover-Limmer;1913;52.35462;9.737284
11748;Rammarbeiten beim Durchlass des Seelzer Grabens bei Lohnde;1913;52.414696;9.719095
11692;Kanalbaustelle, Hannover-Vahrenwald;1915;52.409755;9.732686
11744;Herstellung des Widerlagers der Lohnder Landstrassenbrücke bei Lohnde;1913;52.399929;9.568475
11519;Brücke im Zuge des Misburger Dammes, Hannover-Misburg;1913;52.358994;9.866082
14509;Hannover-Limmer, Aufstiegsschleuse;1914;52.35462;9.737284
11713;Durchlass des Lohndebachs und Eisenbahnüberführung des Lohnder Feldwegs bei Lohnde;1912;52.398249;9.55058
11778;Eiseneinlagen der Sohle und Kammerwände der Leineaufstiegsschleuse, Hannover-Limmer;1913;52.35462;9.737284
11598;Gemarkung, Havelse;1915;52.407712;9.596138
11902;Umbau des Leineauslasses km 150,7 bei Lohnde;1928;52.4012981;9.5738789
11680;Dükerbau am Klein-Buchholzer Koppelweg, Hannover-Klein Buchholz;1915;52.403424;9.815358
11677;Dükerbau am Lister Koppelweg, Hannover-List;1915;52.406378;9.786592
11855;Herrenhäuser Wehranlage, Hannover-Herrenhausen;1914;52.3807141;9.691142
11530;Kartoffelverladung im Brinker Hafen, Hannover-Vinnhorst;1916;52.4169749;9.7140634
11432;Baustelle und verschiedene Bauabschnitte der Kanalflutbrücke über die Leine bei Seelze;1914;52.403897;9.584275
11483;Brücke am Klein-Buchholzer Koppelweg, Hannover-Klein Buchholz;1912;52.410535;9.802294
11956;Dedenser Brücke Nr. 213 bei Seelze;1937;52.405653;9.5164538
11699;Kanalbaustelle, Hannover-Vahrenwald;1915;52.409755;9.732686
11893;Hochwasserschäden am Leineauslass bei Lohnde;1930;52.4012981;9.5738789
11488;Brücke Spannhagenstrasse, Hannover-Klein Buchholz;1911;52.406475;9.78127
11826;Ausschachtungsarbeiten am Harenberger Düker, Harenberg;1914;52.389882;9.623134
11617;Baugrube des Dükers für den Desbrockswiedegraben, Hannover-Stöcken;1914;52.42246;9.649682
